ID,Name,Age,Salary,City
1,Person_1,59.0,90692.0,City_A
2,Person_2,47.0,74425.0,City_B
3,Person_3,36.0,68756.0,City_A
4,Person_4,34.0,48888.0,City_B
5,Person_5,36.0,65735.0,City_B
6,Person_6,45.0,77295.0,City_D
7,Person_7,,47955.0,
8,Person_8,54.0,67841.0,City_D
9,Person_9,,95510.0,City_A
10,Person_10,40.0,64911.0,City_A
11,Person_11,26.0,,City_C
12,Person_12,29.0,37357.0,City_A
13,Person_13,,62479.0,City_D
14,Person_14,18.0,91476.0,City_B
15,Person_15,51.0,74811.0,City_A
16,Person_16,,66208.0,
17,Person_17,42.0,50150.0,City_D
18,Person_18,57.0,73286.0,
19,Person_19,18.0,98450.0,City_D
20,Person_20,33.0,,City_C
21,Person_21,56.0,85069.0,City_C
22,Person_22,22.0,44397.0,City_D
23,Person_23,39.0,71555.0,City_A
24,Person_24,46.0,76959.0,City_B
25,Person_25,20.0,30728.0,City_C
26,Person_26,29.0,80517.0,City_A
27,Person_27,43.0,96234.0,City_A
28,Person_28,33.0,69954.0,City_B
29,Person_29,54.0,77280.0,
30,Person_30,39.0,46779.0,
31,Person_31,46.0,,City_A
32,Person_32,31.0,54466.0,City_A
33,Person_33,45.0,66939.0,City_B
34,Person_34,22.0,99896.0,City_B
35,Person_35,47.0,65270.0,
36,Person_36,,89163.0,City_D
37,Person_37,29.0,,City_C
38,Person_38,33.0,94895.0,City_A
39,Person_39,43.0,62307.0,City_C
40,Person_40,,84098.0,City_D
41,Person_41,38.0,90921.0,City_B
42,Person_42,,35486.0,City_D
43,Person_43,,38335.0,
44,Person_44,50.0,41130.0,City_D
45,Person_45,47.0,90566.0,City_B
46,Person_46,54.0,96703.0,City_D
47,Person_47,40.0,57192.0,City_D
48,Person_48,27.0,31062.0,City_D
49,Person_49,22.0,51545.0,City_A
50,Person_50,53.0,51689.0,City_D
51,Person_51,51.0,41174.0,City_B
52,Person_52,48.0,39348.0,City_D
53,Person_53,27.0,53714.0,City_D
54,Person_54,36.0,68102.0,City_B
55,Person_55,49.0,36801.0,City_D
56,Person_56,18.0,78136.0,City_B
57,Person_57,22.0,53625.0,City_D
58,Person_58,21.0,74261.0,City_B
59,Person_59,33.0,31542.0,City_D
60,Person_60,41.0,51677.0,City_D
61,Person_61,33.0,76732.0,City_A
62,Person_62,19.0,80343.0,City_A
63,Person_63,45.0,69081.0,City_D
64,Person_64,49.0,92856.0,City_D
65,Person_65,44.0,,City_C
66,Person_66,,84693.0,City_B
67,Person_67,41.0,56962.0,City_C
68,Person_68,29.0,58295.0,
69,Person_69,52.0,43807.0,City_A
70,Person_70,50.0,72348.0,City_A
71,Person_71,50.0,56432.0,City_A
72,Person_72,54.0,87854.0,City_D
73,Person_73,29.0,70262.0,City_A
74,Person_74,20.0,,City_D
75,Person_75,18.0,31324.0,City_D
76,Person_76,50.0,65909.0,City_A
77,Person_77,57.0,49870.0,
78,Person_78,27.0,64578.0,City_B
79,Person_79,46.0,56790.0,City_C
80,Person_80,30.0,55289.0,City_A
81,Person_81,29.0,85129.0,City_B
82,Person_82,48.0,45485.0,City_B
83,Person_83,19.0,,City_C
84,Person_84,,34748.0,City_D
85,Person_85,40.0,39435.0,City_A
86,Person_86,34.0,,City_C
87,Person_87,43.0,60355.0,City_A
88,Person_88,25.0,85771.0,City_B
89,Person_89,46.0,87799.0,City_B
90,Person_90,43.0,43116.0,
91,Person_91,27.0,55470.0,City_B
92,Person_92,43.0,72344.0,City_B
93,Person_93,51.0,,City_C
94,Person_94,58.0,82224.0,City_A
95,Person_95,24.0,69298.0,City_A
96,Person_96,21.0,91629.0,City_C
97,Person_97,28.0,,City_D
98,Person_98,46.0,58016.0,City_A
99,Person_99,53.0,53960.0,City_B
100,Person_100,42.0,63591.0,City_A
